Workbook

Sheet Clip log
A1: Shot | B1: Start (s) | C1: End (s) | D1: Duration (s) | E1: On-screen tag | F1: Source file | G1: Source group | H1: Original owner | I1: How obtained | J1: What is on screen | K1: Use class | L1: Clip type | M1: Verdict | N1: Fix | O1: Issues
A2: s01 | B2: 0 | C2: 4.55 | D2: =C2-B2 -> 4.55 | F2: charles_portrait.jpg | G2: Victim and family photos | H2: Unknown (image supplied by the producer) | I2: Supplied by the producer; capture method not recorded | J2: Portrait of Charles Vallow, arms crossed | K2: Carrying (the subject shown as a picture) | L2: V15 | M2: DON'T | N2: Written family consent and the original owner are both missing. Replace with a title card or own graphic, or get consent in writing. | O2: C
A3: s02 | B3: 4.55 | C3: 8.15 | D3: =C3-B3 -> 3.6 | F3: chandler_aerial.jpg | G3: Creative Commons images | H3: Chris J (Wikimedia Commons), CC BY-SA 2.0 | I3: Downloaded by the producer from the Commons file page; licence listed in _CREDITS.csv | J3: Aerial view of Chandler, Arizona | K3: Mood / establishing | L3: V14 | M3: USE IF | N3: Add on-screen credit 'Chris J, CC BY-SA 2.0, edited by Osira' and in the end card. Save a dated licence page. Counsel: share-alike on our cropped, graded version. | O3: E
A4: s03 | B4: 8.15 | C4: 12.4 | D4: =C4-B4 -> 4.25 | E4: REENACTMENT | F4: ai_party.mp4 | G4: Own AI and graphics | H4: Osira (Nano Banana 2 image, Kling 2.5 video) | I4: Generated on Magnific via its connector | J4: Man seen from behind telling a story at a backyard party | K4: Own AI (reenactment) | L4: V18 | M4: USE IF | N4: Readable AI label. | O4: D
A5: s05 | B5: 12.4 | C5: 14.9 | D5: =C5-B5 -> 2.5 | E5: REENACTMENT | F5: ai_family_hug.mp4 | G5: Own AI and graphics | H5: Osira (Nano Banana 2 image, Kling 2.5 video) | I5: Generated on Magnific via its connector | J5: Family of four hugging on a porch at sunset, all from behind | K5: Own AI (reenactment) | L5: V18 | M5: USE IF | N5: Readable AI label. Shows two children as AI stand-ins for real children (issue D). | O5: D
A6: s06 | B6: 14.9 | C6: 16.98 | D6: =C6-B6 -> 2.08 | E6: FAMILY PHOTO / CHARLES & LORI VALLOW | F6: photo_wedding.jpg | G6: Victim and family photos | H6: Unknown (taken from the earlier draft video) | I6: Frame grab from the producer's draft video; original not traced | J6: Wedding photo of Charles and Lori Vallow | K6: Carrying | L6: V15 | M6: DON'T | N6: Charles is a homicide victim and the owner is unknown. Replace, or get written family consent and the original file. | O6: C
A7: s07 | B7: 16.98 | C7: 20.4 | D7: =C7-B7 -> 3.42 | E7: REENACTMENT | F7: ai_garden_kids.mp4 | G7: Own AI and graphics | H7: Osira (the producer's own AI clip) | I7: Supplied by the producer (AI generated shots folder) | J7: Teen girl and small boy seen from behind in a garden | K7: Own AI (reenactment) | L7: V18 | M7: USE IF | N7: Readable AI label. Shows two children as AI stand-ins for real children (issue D). | O7: D
A8: s08 | B8: 20.4 | C8: 25.1 | D8: =C8-B8 -> 4.7 | E8: REENACTMENT | F8: ai_boy_floor.mp4 | G8: Own AI and graphics | H8: Osira (the producer's own AI clip) | I8: Supplied by the producer (AI generated shots folder) | J8: Small boy seen from behind playing on a floor | K8: Own AI (reenactment) | L8: V18 | M8: USE IF | N8: Readable AI label. Stands in for a real child (issue D). | O8: D
A9: s09 | B9: 25.1 | C9: 28.5 | D9: =C9-B9 -> 3.4 | E9: FAMILY PHOTO / VALLOW FAMILY | F9: photo_charles_baby.jpg | G9: Victim and family photos | H9: Unknown (taken from the earlier draft video) | I9: Frame grab from the producer's draft video; original not traced | J9: Charles holding a baby (baby's face blurred by us) | K9: Carrying | L9: V15 | M9: DON'T | N9: Victim photo without consent, and it shows a minor. Replace with a text card or own graphic. | O9: C
A10: s10 | B10: 28.5 | C10: 31.95 | D10: =C10-B10 -> 3.45 | E10: REENACTMENT | F10: ai_family_tv.jpg | G10: Own AI and graphics | H10: Osira (the producer's own AI image) | I10: Supplied by the producer (AI generated shots folder); TV screen blurred by us | J10: Family of four seen from behind watching TV | K10: Own AI (reenactment) | L10: V18 | M10: USE IF | N10: Readable AI label. Shows children as AI stand-ins (issue D). | O10: D
A11: s11 | B11: 31.95 | C11: 36.6 | D11: =C11-B11 -> 4.65 | E11: BODYCAM / CHANDLER POLICE · JAN 31, 2019 | F11: real_night_a.mp4 | G11: Police bodycam (Jan 31, 2019) | H11: Gilbert Police Department (agency release); our file is a Law&Crime copy | I11: Supplied by the producer in a bodycam reference zip; the file carries a Law&Crime logo; capture method not recorded | J11: Man in a cap, night street, hand movements; burnt-in time stamp 2019-01-31 | K11: Mood (no statement is audible or shown) | L11: V05 / V10 | M11: DON'T | N11: Our file is the Law&Crime copy and the logo was cropped out. Re-take from Gilbert PD's own release, fix the tag to Gilbert PD, or drop. | O11: B
A12: s12 | B12: 36.6 | C12: 40.9 | D12: =C12-B12 -> 4.3 | E12: BODYCAM / ARIZONA POLICE · 2019 | F12: real_lori_car.mp4 | G12: Police-style clips, source unidentified | H12: Unidentified | I12: Supplied by the producer inside the draft video; original not traced | J12: Woman with sunglasses leaning on a red car | K12: Carrying | L12: V10 (unverified) | M12: NOT CLEARED | N12: Tag says 'Bodycam, Arizona Police 2019' but we never confirmed this is police footage or which agency. Trace the original or cut. | O12: F
A13: s13 | B13: 40.9 | C13: 44.7 | D13: =C13-B13 -> 3.8 | E13: POLICE INTERVIEW / CHANDLER POLICE · JUL 11, 2019 | F13: real_int_1.mp4 | G13: Police interview video (Jul 11, 2019) | H13: Chandler Police Department (burnt-in text); copy origin unknown | I13: Supplied by the producer; capture method not recorded | J13: Interview room, Lori Vallow seated, wide shot on a card | K13: Subject (her own statements) | L13: V10 | M13: USE IF | N13: Confirm the file is the agency's own release (not an outlet copy). Keep agency and date tag. | O13: F
A14: s14 | B14: 44.7 | C14: 48.9 | D14: =C14-B14 -> 4.2 | E14: BOOKING PHOTO / KAUAI POLICE · 2020 | F14: lori_booking.jpg | G14: Booking photos (agency, via copies) | H14: Kauai Police Department (per file name); copy origin unknown | I14: Supplied by the producer (image file); capture method not recorded | J14: Lori Vallow booking photo on a print | K14: Subject (who she is) | L14: V10 (booking photo) | M14: USE IF | N14: Trace to the agency release or its court file. Keep agency and year tag. Counsel: booking photos for a German audience. | O14: F
A15: s15 | B15: 48.9 | C15: 60.1 | D15: =C15-B15 -> 11.2 | E15: COURT FILING / MARICOPA COUNTY · FEB 2019 | F15: doc_p04.jpg | G15: Court record pages | H15: Maricopa County Superior Court, case FC2019-092936 | I15: Supplied by the producer as page images; capture method not recorded | J15: Divorce petition page with red pencil highlights (text read aloud) | K15: Subject (the record we quote) | L15: V13 (court record) | M15: USE IF | N15: Take the pages from the court's own file, remove the stray file name '004.jpg' visible at the top, credit the court record. | O15: F
... A36: s34 | B36: 134.2 | C36: 136.4 | D36: =C36-B36 -> 2.2 | E36: BODYCAM / CHANDLER POLICE · JAN 31, 2019 | F36: real_night_b.mp4 | G36: Police bodycam (Jan 31, 2019) | H36: Gilbert Police Department (agency release); our file is a Law&Crime copy | I36: Supplied by the producer in a bodycam reference zip; Law&Crime logo present | J36: Man in a cap looking up at night | K36: Mood | L36: V05 / V10 | M36: DON'T | N36: See issue B. | O36: B
A37: s35 | B37: 136.4 | C37: 140.9 | D37: =C37-B37 -> 4.5 | F37: real_court.mp4 | G37: Creative Commons images | H37: Tony Webster (Wikimedia Commons), CC BY 2.0 | I37: Downloaded by the producer from the Commons file page; licence listed in _CREDITS.csv | J37: Maricopa County Superior Court sign on a card | K37: Mood / location | L37: V14 | M37: USE IF | N37: Add on-screen credit 'Tony Webster, CC BY 2.0, edited by Osira' and in the end card. Save a dated licence page. | O37: E
A38: s36 | B38: 140.9 | C38: 143.1 | D38: =C38-B38 -> 2.2 | E38: BODYCAM / CHANDLER POLICE · 2019 | F38: real_charles_day.mp4 | G38: Police bodycam (Jan 31, 2019) | H38: Gilbert Police Department (agency release); our copy came from the draft video | I38: Frame grab from the producer's draft video; original not traced | J38: Charles Vallow in a cap, daylight, burnt-in 2019-01-31 stamp | K38: Carrying | L38: V10 (unverified copy) | M38: NOT CLEARED | N38: Same release as issue B (the time stamp says Jan 31, 2019). Trace the original and fix the tag to the right agency. | O38: B, F
A39: s37 | B39: 143.1 | C39: 145.8 | D39: =C39-B39 -> 2.7 | E39: BODYCAM / CHANDLER POLICE · JAN 31, 2019 | F39: real_charles_close.mp4 | G39: Police bodycam (Jan 31, 2019) | H39: Gilbert Police Department (agency release); our file is a Law&Crime copy | I39: Supplied by the producer in a bodycam reference zip; Law&Crime logo present | J39: Large man walking in with officers in a lit garage | K39: Mood | L39: V05 / V10 | M39: DON'T | N39: See issue B. | O39: B
A40: s38 | B40: 145.8 | C40: 150.4 | D40: =C40-B40 -> 4.6 | E40: BODYCAM / CHANDLER POLICE · JAN 31, 2019 | F40: real_walkaway.mp4 | G40: Police bodycam (Jan 31, 2019) | H40: Gilbert Police Department (agency release); our file is a Law&Crime copy | I40: Supplied by the producer in a bodycam reference zip; Law&Crime logo present | J40: Figures walking off down a street | K40: Mood | L40: V05 / V10 | M40: DON'T | N40: See issue B. | O40: B
A41: end | B41: 150.4 | C41: 155 | D41: =C41-B41 -> 4.6 | F41: end card | G41: Own AI and graphics | H41: Osira | I41: Made by us | J41: End card, EPISODE 2 | K41: Own graphic | L41: V18 | M41: USE | N41: Add the credits for the Creative Commons images here. | O41: E

Sheet By source
A1: Source group | B1: Shots | C1: Seconds | D1: Share of runtime
A2: Victim and family photos | B2: =COUNTIF('Clip log'!$G$2:$G$41,A2) -> 4 | C2: =SUMIFS('Clip log'!$D$2:$D$41,'Clip log'!$G$2:$G$41,A2) -> 13.08 | D2: =C2/$B$13 -> 0.084387097
A3: Creative Commons images | B3: =COUNTIF('Clip log'!$G$2:$G$41,A3) -> 2 | C3: =SUMIFS('Clip log'!$D$2:$D$41,'Clip log'!$G$2:$G$41,A3) -> 8.1 | D3: =C3/$B$13 -> 0.052258065
A4: Own AI and graphics | B4: =COUNTIF('Clip log'!$G$2:$G$41,A4) -> 12 | C4: =SUMIFS('Clip log'!$D$2:$D$41,'Clip log'!$G$2:$G$41,A4) -> 45.42 | D4: =C4/$B$13 -> 0.29303226
A5: Police bodycam (Jan 31, 2019) | B5: =COUNTIF('Clip log'!$G$2:$G$41,A5) -> 9 | C5: =SUMIFS('Clip log'!$D$2:$D$41,'Clip log'!$G$2:$G$41,A5) -> 29.65 | D5: =C5/$B$13 -> 0.19129032
A6: Police-style clips, source unidentified | B6: =COUNTIF('Clip log'!$G$2:$G$41,A6) -> 2 | C6: =SUMIFS('Clip log'!$D$2:$D$41,'Clip log'!$G$2:$G$41,A6) -> 7.6 | D6: =C6/$B$13 -> 0.049032258
A7: Police interview video (Jul 11, 2019) | B7: =COUNTIF('Clip log'!$G$2:$G$41,A7) -> 3 | C7: =SUMIFS('Clip log'!$D$2:$D$41,'Clip log'!$G$2:$G$41,A7) -> 12.7 | D7: =C7/$B$13 -> 0.081935484
A8: Booking photos (agency, via copies) | B8: =COUNTIF('Clip log'!$G$2:$G$41,A8) -> 2 | C8: =SUMIFS('Clip log'!$D$2:$D$41,'Clip log'!$G$2:$G$41,A8) -> 8.3 | D8: =C8/$B$13 -> 0.053548387
A9: Court record pages | B9: =COUNTIF('Clip log'!$G$2:$G$41,A9) -> 6 | C9: =SUMIFS('Clip log'!$D$2:$D$41,'Clip log'!$G$2:$G$41,A9) -> 30.15 | D9: =C9/$B$13 -> 0.19451613
A10: Total | B10: =SUM(B2:B9) -> 40 | C10: =SUM(C2:C9) -> 155 | D10: =C10/$B$13 -> 1
A12: Third-party seconds (everything except own AI and graphics) | C12: =C10-SUMIFS(C2:C9,A2:A9,"Own AI and graphics") -> 109.58
A13: Runtime (s) | B13: 155
A15: Verdict | B15: Shots | C15: Seconds | D15: Share of runtime
A16: USE | B16: =COUNTIF('Clip log'!$M$2:$M$41,A16) -> 1 | C16: =SUMIFS('Clip log'!$D$2:$D$41,'Clip log'!$M$2:$M$41,A16) -> 4.6 | D16: =C16/$B$13 -> 0.029677419
A17: USE IF | B17: =COUNTIF('Clip log'!$M$2:$M$41,A17) -> 23 | C17: =SUMIFS('Clip log'!$D$2:$D$41,'Clip log'!$M$2:$M$41,A17) -> 95.97 | D17: =C17/$B$13 -> 0.61916129
A18: LICENSE | B18: =COUNTIF('Clip log'!$M$2:$M$41,A18) -> 0 | C18: =SUMIFS('Clip log'!$D$2:$D$41,'Clip log'!$M$2:$M$41,A18) -> 0 | D18: =C18/$B$13 -> 0
A19: DON'T | B19: =COUNTIF('Clip log'!$M$2:$M$41,A19) -> 12 | C19: =SUMIFS('Clip log'!$D$2:$D$41,'Clip log'!$M$2:$M$41,A19) -> 40.53 | D19: =C19/$B$13 -> 0.26148387
A20: NOT CLEARED | B20: =COUNTIF('Clip log'!$M$2:$M$41,A20) -> 4 | C20: =SUMIFS('Clip log'!$D$2:$D$41,'Clip log'!$M$2:$M$41,A20) -> 13.9 | D20: =C20/$B$13 -> 0.089677419

Sheet Issues
A1: ID | B1: Timecode | C1: Issue | D1: What we found | E1: Why it matters | F1: Severity | G1: Fix
A2: A | B2: 122.6 to 132.0 (quote cards at 126.3 to 132.0; AI hand at 122.6) | C2: Quoted words are not in the record | D2: Narration and captions give 'I will kill you, because you're not Charles, and nobody will care' as the exact words Lori said, written in the court papers. We read all 19 filing pages (OCR): those words appear on none of them. Page 4 says only that she 'would kill him upon his return home'. A summary of the police report on Court TV quotes different words ('You're not Charles. I don't know who you are or what you did with Charles, but I can murder you now with my powers'). We could not open that page (blocked), so that wording is also UNVERIFIED. | E2: A misquote tied to a named person, with quotation marks and 'exact words'. This is a red line (invented or misquoted words). | F2: Red | G2: Use only the petition's own words in quote marks ('she would kill him upon his return home', page 4), or paraphrase with no quote marks. The voiceover also says the line, so the producer must re-record or soften that sentence. Verify any other wording against the original at its timestamp.
A3: B | B3: 11 shots: 31.95, 77.3, 84.2, 112.3, 132.0, 134.2, 143.1, 145.8 (bodycam); 36.6, 80.9, 140.9 (unidentified or unverified) | C3: Bodycam copy with the logo removed, and the wrong agency on screen | D3: Our bodycam file shows a Law&Crime logo (bottom left of the original). We cropped the frame so the logo is out of the picture, then zoomed in. KUTV (opened) states Gilbert Police released this footage; our tags say Chandler Police on every shot. The producer's own README says these clips are 'rough-cut use only, not cleared for broadcast'. Seven of the eight bodycam shots show no statement at all, only mood. | E3: Law&Crime is on the never list; stripped logos are a red line; a wrong source tag is a false record on screen; mood footage fails test 1. | F3: Red | G3: Re-take the one clip that carries Charles's statement from Gilbert PD's own release (public records) the approved way, tag it Gilbert Police Department with the exact date. Replace the rest with own graphics, AI or court record. Never crop a logo out.
A4: C | B4: 0.0, 14.9, 25.1, 87.3 | C4: Photos of Charles Vallow (a homicide victim), no consent, unknown owners | D4: Four photos of Charles: the opening portrait, the wedding photo, the photo holding a baby, and a close portrait. None has a traced owner. The baby photo also shows a minor (face blurred by us). Charles was killed on 11 July 2019 (KSL, opened). | E4: Victims' photos need written family consent (V15). German post-mortem image rights run 10 years after death, so until 2029 (s. 22 KUG). | F4: Red | G4: Get written consent and the original file for each, or replace with a title card, a text card ('Charles Vallow, 62') or the court record.
A5: D | B5: All AI shots (s03 to s10, s16, s17, s25b, s27, s29, s31) | C5: AI labels too small and not the required wording; children shown as AI stand-ins | D5: Labels read REENACTMENT or ILLUSTRATION at about 19 px, top right. The rule asks for a readable KI-GENERIERT / AI-GENERATED. The AI shots are photoreal and stand in for real people, including children (Tylee and J.J.) in four shots. | E5: EU AI Act Art. 50(4) disclosure; the guide says no single private person or child shown. | F5: Fix | G5: Replace every label with 'KI-GENERIERT / AI-GENERATED', larger and on screen for the whole shot. Counsel or producer to decide whether AI children from behind are acceptable.
A6: E | B6: 4.55 and 136.4 | C6: Creative Commons credits missing; share-alike | D6: The Chandler aerial is CC BY-SA 2.0 (Chris J). The court sign is CC BY 2.0 (Tony Webster). Neither is credited on screen or in an end card. The aerial was cropped and graded, and BY-SA requires an edited version to be shared under the same licence. | E6: CC BY needs credit in the required format; CC BY 4.0 s. 2(a)(5)(B) leaves the DRM question open for counsel. | F6: Fix | G6: Add credits in the form 'Owner, licence, edited by Osira' on screen and in the end card; save a dated licence page per image; send the share-alike and DRM points to counsel.
A7: F | B7: 36.6, 80.9, 94.9, 44.7, 40.9, 73.4, 102.6, 48.9 to 132.0 (filing pages) | C7: Sources not traced or not verified | D7: The Lori car clip is tagged 'Arizona Police 2019' and the garage clip 'Chandler Police 2019' with no proof. The Chad Daybell photo came inside a TV-style graphic. Both booking photos came as image files with no agency release. The interview video is an unconfirmed copy. The filing page images have a stray file name ('004.jpg') visible at the top on screen. | E7: The agency, owner and method for these files are unknown; on-screen tags might be false. | F7: Fix | G7: Trace each to the owner's own release, correct or drop the tags, and remove the stray file name. Log how each file was obtained, truthfully.
A8: G | B8: 119.5 to 122.6 | C8: Minor's name visible in the filing | D8: Page 1 of the petition shows the child's name in the case text. The law firm's street address and email are also readable on the same page. | E8: Minors should not be identifiable; the address and email are public record but not needed. | F8: Edge | G8: Blur the minor's name; consider blurring the address and email.
A9: H | B9: 64.9 to 67.8 | C9: Calendar shows a circled date no source gives | D9: The AI calendar (JULY 2020) has the 24th circled. The narration says only 'the summer of 2020'. | E9: A made-up detail presented as part of the story. | F9: Edge | G9: Remove the circle or use a neutral calendar.

Sheet Questions for counsel
A1: No. | B1: Question
A2: 1 | B2: CC BY-SA 2.0 (Chandler aerial): do the share-alike terms bind our cropped, colour-graded version when shown inside a paid app?
A3: 2 | B3: CC BY 4.0 s. 2(a)(5)(B) and DRM: any CC licensed image or clip inside a DRM-protected app, until you confirm this point is safe (applies to the court sign and the aerial).
A4: 3 | B4: Charles Vallow's photos: who can give consent (family, estate), and does s. 22 KUG (10 years after death, to July 2029) apply to the baby photo and the portraits?
A5: 4 | B5: AI stand-ins for real children from behind (Tylee, J.J.): acceptable, or blur or remove?
A6: 5 | B6: Booking photos of convicted people for a German audience: any restriction beyond the agency source?
A7: 6 | B7: Bodycam: if Gilbert PD's own release is public, does a Law&Crime copy change anything, and what exact credit line is required?
A8: 7 | B8: A minor's name inside a court record shown on screen: blur or acceptable?

Sheet Research sources
A1: Source | B1: Link or file | C1: Status
A2: KUTV, 'BODY CAM: Charles Vallow tells police his wife Lori Vallow wants him dead' | B2: https://kutv.com/news/nation-world/body-cam-charles-vallow-tells-police-his-wife-lori-vallow-wants-him-dead | C2: Opened. Says the footage was released by Gilbert Police Department through public records.
A3: KSL, 'Who is Charles Vallow?' | B3: https://www.ksl.com/article/news/utah/police-and-courts/who-is-charles-vallow/51567401 | C3: Opened. Charles died 11 July 2019 at age 62.
A4: CBS News, Arizona verdict | B4: https://www.cbsnews.com/news/lori-vallow-daybell-verdict-arizona-trial/ | C4: Opened. Convicted 22 April 2025 of conspiring to murder Charles Vallow.
A5: KSL, 'Chad Daybell sentenced to death' | B5: https://www.ksl.com/article/51030345/chad-daybell-sentenced-to-death-for-the-murders-of-tammy-daybell-jj-vallow-and-tylee-ryan | C5: Opened. Sentenced to death on 1 June 2024 for three murders.
A6: Court filing, case FC2019-092936 (19 page images from the producer) | B6: ep1_src/images/div_p01.jpg to div_p19.jpg | C6: Read by OCR (every page searched for the quoted words). Stamp on page 1: 2/15/2019.
A7: Wikimedia licence list (_CREDITS.csv) | B7: ep1_src/images/_CREDITS.csv | C7: Opened. Chris J CC BY-SA 2.0; Tony Webster CC BY 2.0.
A8: Producer README for the image and footage pack | B8: ep1_src/images/_README.txt | C8: Opened. States the bodycam clips are 'rough-cut use only, not cleared for broadcast'.
A9: Law&Crime article on the bodycam | B9: https://lawandcrime.com/crazy/body-cam-video-shows-lori-vallows-husband-telling-cops-she-threatened-to-kill-him-he-died-months-later/ | C9: Not opened (HTTP 403).
A10: Court TV, 'Charles Vallow's warnings to police' | B10: https://www.courttv.com/news/charles-vallows-warnings-to-police-and-history-with-lori-daybell/ | C10: Not opened (HTTP 403); read only as a search summary, so its quote is UNVERIFIED.

Sheet Not checked
A1: Item
A2: Voiceover: supplied by the producer; not reviewed for rights or for an AI or cloned voice.
A3: Background music: supplied by the producer; licence not on file.
A4: Sound effects: bass hits come from the HyperFrames bundled library; other SFX were synthesised by us. Licence of the bundled files not checked.
A5: Source codes: no footage/sources.csv exists for this show, so no source codes are logged.
A6: OSIRA_CONTEXT_HANDOFF.md and the source registry were not available, so every source was researched from scratch and nothing was reused.
A7: How each file was obtained: the producer supplied the files; the capture method is not recorded for any of them.
